Source, Target, Code
1175,125,1
125,1462,1
1462,448,1
448,1401,1
1401,319,1
319,1591,1
1591,836,1
836,1574,1
1574,929,1
929,785,1
785,567,1
567,1595,1
1597,568,1
568,786,1
786,932,1
932,1575,1
1575,837,1
837,1592,1
1592,320,1
320,1402,1
1402,449,1
449,1463,1
1463,127,1
127,1175,1
2396,609,106
609,1247,106
1247,485,106
485,289,106
289,301,106
301,1941,106
1941,1730,106
1730,1551,106
1551,1197,106
1197,2432,106
2432,62,106
62,1195,106
1195,965,106
965,964,106
964,966,106
966,1196,106
1196,63,106
63,2433,106
2433,1198,106
1198,1552,106
1552,1731,106
1731,1942,106
1942,302,106
302,290,106
290,486,106
486,1245,106
1245,608,106
608,808,106
808,2397,106
2397,2396,106
40,818,107
818,630,107
630,1623,107
1623,1225,107
1225,986,107
986,303,107
303,1393,107
1393,1146,107
1146,1866,107
1866,2295,107
2295,1688,107
1688,542,107
542,1540,107
1540,816,107
816,977,107
977,2050,107
2050,2187,107
2187,1415,107
1415,2459,107
2459,1302,107
1302,273,107
273,2370,107
2370,1746,107
1746,1217,107
1217,198,107
199,1219,107
1219,1747,107
1747,2371,107
2371,272,107
272,1303,107
1303,1922,107
1922,339,107
339,1147,107
1147,1392,107
1392,304,107
304,511,107
511,631,107
631,819,107
819,40,107
115,2099,10M
2099,1335,10M
1335,413,10M
413,875,10M
875,1883,10M
1883,1240,10M
1240,1034,10M
1034,530,10M
530,1644,10M
1644,1286,10M
1286,2225,10M
2225,791,10M
791,1792,10M
1792,1395,10M
1395,780,10M
780,2175,10M
2175,478,10M
478,661,10M
661,2070,10M
2070,809,10M
809,2205,10M
2205,832,10M
832,1138,10M
1138,1532,10M
1532,2085,10M
2085,1427,10M
1427,2395,10M
2395,2410,10M
2410,2394,10M
2394,1428,10M
1428,2086,10M
2086,1531,10M
1531,1139,10M
1139,833,10M
833,2206,10M
2206,810,10M
810,2069,10M
2069,660,10M
660,477,10M
477,2176,10M
2176,781,10M
781,168,10M
168,1218,10M
1218,1644,10M
1644,1286,10M
1286,1095,10M
1095,529,10M
529,1035,10M
1035,1241,10M
1241,1884,10M
1884,876,10M
876,796,10M
796,153,10M
153,412,10M
412,1777,10M
1777,34,10M
34,115,10M
1127,868,11M
868,913,11M
913,910,11M
910,614,11M
614,1186,11M
1186,735,11M
735,587,11M
587,1131,11M
1131,1823,11M
1823,1025,11M
1025,2355,11M
2355,116,11M
116,2098,11M
2098,1335,11M
1335,413,11M
413,875,11M
875,1883,11M
1883,1240,11M
1240,1034,11M
1034,2349,11M
2349,774,11M
774,806,11M
806,1492,11M
1492,182,11M
182,557,11M
557,419,11M
419,1341,11M
1341,575,11M
575,99,11M
99,2025,11M
2025,1867,11M
1868,2026,11M
2026,1292,11M
1292,574,11M
574,576,11M
576,2002,11M
2002,181,11M
181,1491,11M
1491,807,11M
807,775,11M
775,2350,11M
2350,1094,11M
1094,1033,11M
1033,876,11M
876,796,11M
796,153,11M
153,412,11M
412,1777,11M
1777,33,11M
33,2351,11M
2351,1024,11M
1024,1822,11M
1822,1132,11M
1132,586,11M
586,736,11M
736,1185,11M
1185,1193,11M
1193,1191,11M
1191,1145,11M
1145,2242,11M
2242,1183,11M
1183,1127,11M
32,1796,12M
1796,1043,12M
1043,537,12M
537,1120,12M
1120,1580,12M
1580,1800,12M
1800,1236,12M
1236,1047,12M
1047,508,12M
508,1203,12M
1203,207,12M
207,473,12M
473,15,12M
15,811,12M
811,1296,12M
1296,1293,12M
1293,2309,12M
2309,1433,12M
1433,1805,12M
1805,1341,12M
1341,576,12M
576,2002,12M
2002,181,12M
181,1983,12M
1983,1115,12M
1115,113,12M
113,1362,12M
1362,1073,12M
1073,2304,12M
2304,1176,12M
1176,2223,12M
2223,690,12M
690,1294,12M
1294,2173,12M
2174,1295,12M
1295,691,12M
691,2224,12M
2224,381,12M
381,2300,12M
2300,138,12M
138,2416,12M
2416,1177,12M
1177,2305,12M
2305,1074,12M
1074,1363,12M
1363,114,12M
114,1116,12M
1116,1984,12M
1984,183,12M
183,557,12M
557,419,12M
419,1343,12M
1343,1806,12M
1806,1434,12M
1434,487,12M
487,1297,12M
1297,108,12M
108,16,12M
16,474,12M
474,206,12M
206,1204,12M
1204,507,12M
507,1546,12M
1546,1237,12M
1237,1802,12M
1802,1582,12M
1582,1117,12M
1117,594,12M
594,1797,12M
1797,32,12M
32,1796,13M
1796,1043,13M
1043,537,13M
537,1120,13M
1120,1581,13M
1581,1798,13M
1798,395,13M
395,293,13M
293,1071,13M
1071,668,13M
668,2126,13M
2126,1935,13M
1935,963,13M
963,633,13M
633,359,13M
359,678,13M
678,171,13M
171,1810,13M
1810,888,13M
888,1474,13M
1474,589,13M
589,267,13M
267,1136,13M
1136,1881,13M
1881,1782,13M
1782,869,13M
869,789,13M
789,656,13M
656,93,13M
93,65,13M
65,1527,13M
1527,1066,13M
1066,1330,13M
1330,2185,13M
2185,1381,13M
1381,1383,13M
1383,1666,13M
1666,1065,13M
1065,1760,13M
1760,1378,13M
1378,657,13M
657,790,13M
790,870,13M
870,1783,13M
1783,1882,13M
1882,1137,13M
1137,268,13M
268,1914,13M
1914,889,13M
889,1811,13M
1811,172,13M
172,679,13M
679,360,13M
360,632,13M
632,1936,13M
1936,2127,13M
2127,1495,13M
1495,420,13M
420,397,13M
397,1799,13M
1799,1582,13M
1582,1117,13M
1117,594,13M
594,1797,13M
1797,32,13M
538,537,18
537,1118,18
1118,1584,18
1584,847,18
847,1164,18
1164,1401,18
1401,319,18
319,1591,18
1591,836,18
836,1574,18
1574,929,18
929,785,18
785,567,18
567,1595,18
1597,568,18
568,786,18
786,932,18
932,1575,18
1575,837,18
837,1592,18
1592,320,18
320,1402,18
1402,1163,18
1163,846,18
846,1585,18
1585,2480,18
2480,538,18
115,2098,1M
2098,1499,1M
1499,1933,1M
1933,1489,1M
1489,125,1M
125,1460,1M
1460,1399,1M
1399,2156,1M
2156,794,1M
794,1236,1M
1236,1045,1M
1045,1724,1M
1724,906,1M
906,1211,1M
1211,1336,1M
1336,1722,1M
1722,933,1M
933,1677,1M
1677,1844,1M
1844,2364,1M
2364,1618,1M
1618,2383,1M
2383,1422,1M
1422,1727,1M
1727,1681,1M
1681,652,1M
652,1441,1M
1441,1108,1M
1108,2315,1M
2315,624,1M
624,1616,1M
1616,1614,1M
1614,2094,1M
2094,263,1M
263,1527,1M
1527,2095,1M
2095,1615,1M
1615,885,1M
885,625,1M
625,2316,1M
2316,1107,1M
1107,1442,1M
1442,653,1M
653,1682,1M
1682,1690,1M
1690,2215,1M
2215,1689,1M
1689,1423,1M
1423,2384,1M
2384,1619,1M
1619,2365,1M
2365,1843,1M
1843,1678,1M
1678,934,1M
934,1723,1M
1723,1337,1M
1337,1212,1M
1212,907,1M
907,1725,1M
1725,1046,1M
1046,1237,1M
1237,795,1M
795,2157,1M
2157,1400,1M
1400,1461,1M
1461,126,1M
126,1490,1M
1490,1934,1M
1934,1417,1M
1417,1498,1M
1498,2100,1M
2100,2123,1M
2123,34,1M
34,115,1M
334,1396,200
1396,1777,200
1777,1796,200
1796,1043,200
1043,537,200
537,1120,200
1120,1580,200
1580,1801,200
1801,1236,200
1236,1045,200
1045,1724,200
1724,906,200
906,1211,200
1211,1336,200
1336,1722,200
1722,933,200
933,1677,200
1677,1844,200
1844,2364,200
2364,1618,200
1618,2383,200
2383,1422,200
1422,1310,200
1310,654,200
654,1444,200
1444,902,200
902,1108,200
1108,2315,200
2315,622,200
622,2316,200
2316,1636,200
1636,903,200
903,1443,200
1443,1244,200
1244,655,200
655,1311,200
1311,776,200
776,1423,200
1423,2384,200
2384,1619,200
1619,2365,200
2365,1843,200
1843,1678,200
1678,934,200
934,1723,200
1723,1337,200
1337,1212,200
1212,907,200
907,1725,200
1725,1046,200
1046,1237,200
1237,1802,200
1802,1582,200
1582,1117,200
1117,596,200
596,1797,200
1797,0,200
0,2351,200
2351,1243,200
1243,334,200
2356,1796,201
1796,1043,201
1043,537,201
537,1120,201
1120,1581,201
1581,1798,201
1798,395,201
395,291,201
291,96,201
96,75,201
75,407,201
407,956,201
956,1693,201
1693,2230,201
2230,1750,201
1750,993,201
993,390,201
390,1270,201
1270,1810,201
1810,888,201
888,1474,201
1474,1173,201
1173,2445,201
2445,2443,201
2443,2444,201
2444,2441,201
2441,1174,201
1174,1476,201
1476,889,201
889,1811,201
1811,1271,201
1271,640,201
640,391,201
391,994,201
994,1751,201
1751,2231,201
2231,1694,201
1694,958,201
958,408,201
408,76,201
76,97,201
97,420,201
420,397,201
397,1799,201
1799,1582,201
1582,1117,201
1117,596,201
596,1797,201
1797,0,201
0,2356,201
34,2351,202
2351,1024,202
1024,1814,202
1814,921,202
921,723,202
723,1105,202
1105,418,202
418,293,202
293,1071,202
1071,668,202
668,2126,202
2126,51,202
51,2144,202
2144,2142,202
2142,47,202
47,369,202
369,392,202
392,994,202
994,53,202
53,1300,202
1300,1953,202
1953,1329,202
1329,1544,202
1544,1443,202
1443,1244,202
1244,655,202
655,1690,202
1690,1752,202
1752,1596,202
1596,2215,202
2215,1689,202
1689,803,202
803,1310,202
1310,654,202
654,1444,202
1444,1545,202
1545,1328,202
1328,1952,202
1952,1301,202
1301,54,202
54,993,202
993,393,202
393,370,202
370,48,202
48,2143,202
2143,2145,202
2145,52,202
52,1936,202
1936,2127,202
2127,1495,202
1495,294,202
294,417,202
417,1106,202
1106,1148,202
1148,483,202
483,1817,202
1817,2355,202
2355,32,202
32,34,202
1480,914,203
914,186,203
186,1701,203
1701,404,203
404,288,203
288,2196,203
2196,258,203
258,975,203
975,800,203
800,553,203
553,291,203
291,96,203
96,75,203
75,407,203
407,956,203
956,1693,203
1693,1019,203
1019,2228,203
2228,1213,203
1213,1862,203
1862,1803,203
1803,1422,203
1422,1310,203
1310,654,203
654,1444,203
1444,902,203
902,1108,203
1108,2315,203
2315,622,203
622,2316,203
2316,1636,203
1636,903,203
903,1443,203
1443,1244,203
1244,655,203
655,1311,203
1311,776,203
776,1423,203
1423,1804,203
1804,1863,203
1863,1214,203
1214,2232,203
2232,2229,203
2229,1020,203
1020,1694,203
1694,958,203
958,408,203
408,76,203
76,97,203
97,420,203
420,292,203
292,1071,203
1071,1563,203
1563,1494,203
1494,1516,203
1516,704,203
704,187,203
187,915,203
915,1478,203
1478,1480,203
1126,868,204
868,913,204
913,910,204
910,1440,204
1440,1579,204
1579,2082,204
2082,250,204
250,255,204
255,322,204
322,735,204
735,607,204
607,2424,204
2424,2278,204
2278,428,204
428,1535,204
1535,734,204
734,669,204
669,1495,204
1495,552,204
552,291,204
291,402,204
402,1801,204
1801,1236,204
1236,1045,204
1045,1724,204
1724,906,204
906,1211,204
1211,1336,204
1336,1722,204
1722,933,204
1175,125,2
125,1462,2
1462,448,2
448,1401,2
1401,319,2
319,1591,2
1591,836,2
836,1574,2
1574,929,2
929,785,2
785,567,2
567,1595,2
1597,568,2
568,786,2
786,932,2
932,1575,2
1575,837,2
837,1592,2
1592,320,2
320,1402,2
1402,449,2
449,1463,2
1463,127,2
127,1175,2
2396,609,107
609,1247,107
1247,485,107
485,289,107
289,301,107
301,1941,107
1941,1730,107
1730,1551,107
1551,1197,107
1197,2432,107
2432,62,107
62,1195,107
1195,965,107
965,964,107
964,966,107
966,1196,107
1196,63,107
63,2433,107
2433,1198,107
1198,1552,107
1552,1731,107
1731,1942,107
1942,302,107
302,290,107
290,486,107
486,1245,107
1245,608,107
608,808,107
808,2397,107
2397,2396,107
40,818,108
818,630,108
630,1623,108
1623,1225,108
1225,986,108
986,303,108
303,1393,108
1393,1146,108
1146,1866,108
1866,2295,108
2295,1688,108
1688,542,108
542,1540,108
1540,816,108
816,977,108
977,2050,108
2050,2187,108
2187,1415,108
1415,2459,108
2459,1302,108
1302,273,108
273,2370,108
2370,1746,108
1746,1217,108
1217,198,108
199,1219,108
1219,1747,108
1747,2371,108
2371,272,108
272,1303,108
1303,1922,108
1922,339,108
339,1147,108
1147,1392,108
1392,304,108
304,511,108
511,631,108
631,819,108
819,40,108
115,2099,10M
2099,1335,10M
1335,413,10M
413,875,10M
875,1883,10M
1883,1240,10M
1240,1034,10M
1034,530,10M
530,1644,10M
1644,1286,10M
1286,2225,10M
2225,791,10M
791,1792,10M
1792,1395,10M
1395,780,10M
780,2175,10M
2175,478,10M
478,661,10M
661,2070,10M
2070,809,10M
809,2205,10M
2205,832,10M
832,1138,10M
1138,1532,10M
1532,2085,10M
2085,1427,10M
1427,2395,10M
2395,2410,10M
2410,2394,10M
2394,1428,10M
1428,2086,10M
2086,1531,10M
1531,1139,10M
1139,833,10M
833,2206,10M
2206,810,10M
810,2069,10M
2069,660,10M
660,477,10M
477,2176,10M
2176,781,10M
781,168,10M
168,1218,10M
1218,1644,10M
1644,1286,10M
1286,1095,10M
1095,529,10M
529,1035,10M
1035,1241,10M
1241,1884,10M
1884,876,10M
876,796,10M
796,153,10M
153,412,10M
412,1777,10M
1777,34,10M
34,115,10M
1127,868,11M
868,913,11M
913,910,11M
910,614,11M
614,1186,11M
1186,735,11M
735,587,11M
587,1131,11M
1131,1823,11M
1823,1025,11M
1025,2355,11M
2355,116,11M
116,2098,11M
2098,1335,11M
1335,413,11M
413,875,11M
875,1883,11M
1883,1240,11M
1240,1034,11M
1034,2349,11M
2349,774,11M
774,806,11M
806,1492,11M
1492,182,11M
182,557,11M
557,419,11M
419,1341,11M
1341,575,11M
575,99,11M
99,2025,11M
2025,1867,11M
1868,2026,11M
2026,1292,11M
1292,574,11M
574,576,11M
576,2002,11M
2002,181,11M
181,1491,11M
1491,807,11M
807,775,11M
775,2350,11M
2350,1094,11M
1094,1033,11M
1033,876,11M
876,796,11M
796,153,11M
153,412,11M
412,1777,11M
1777,33,11M
33,2351,11M
2351,1024,11M
1024,1822,11M
1822,1132,11M
1132,586,11M
586,736,11M
736,1185,11M
1185,1193,11M
1193,1191,11M
1191,1145,11M
1145,2242,11M
2242,1183,11M
1183,1127,11M
32,1796,12M
1796,1043,12M
1043,537,12M
537,1120,12M
1120,1580,12M
1580,1800,12M
1800,1236,12M
1236,1047,12M
1047,508,12M
508,1203,12M
1203,207,12M
207,473,12M
473,15,12M
15,811,12M
811,1296,12M
1296,1293,12M
1293,2309,12M
2309,1433,12M
1433,1805,12M
1805,1341,12M
1341,576,12M
576,2002,12M
2002,181,12M
181,1983,12M
1983,1115,12M
1115,113,12M
113,1362,12M
1362,1073,12M
1073,2304,12M
2304,1176,12M
1176,2223,12M
2223,690,12M
690,1294,12M
1294,2173,12M
2174,1295,12M
1295,691,12M
691,2224,12M
2224,381,12M
381,2300,12M
2300,138,12M
138,2416,12M
2416,1177,12M
1177,2305,12M
2305,1074,12M
1074,1363,12M
1363,114,12M
114,1116,12M
1116,1984,12M
1984,183,12M
183,557,12M
557,419,12M
419,1343,12M
1343,1806,12M
1806,1434,12M
1434,487,12M
487,1297,12M
1297,108,12M
108,16,12M
16,474,12M
474,206,12M
206,1204,12M
1204,507,12M
507,1546,12M
1546,1237,12M
1237,1802,12M
1802,1582,12M
1582,1117,12M
1117,594,12M
594,1797,12M
1797,32,12M
32,1796,13M
1796,1043,13M
1043,537,13M
537,1120,13M
1120,1581,13M
1581,1798,13M
1798,395,13M
395,293,13M
293,1071,13M
1071,668,13M
668,2126,13M
2126,1935,13M
1935,963,13M
963,633,13M
633,359,13M
359,678,13M
678,171,13M
171,1810,13M
1810,888,13M
888,1474,13M
1474,589,13M
589,267,13M
267,1136,13M
1136,1881,13M
1881,1782,13M
1782,869,13M
869,789,13M
789,656,13M
656,93,13M
93,65,13M
65,1527,13M
1527,1066,13M
1066,1330,13M
1330,2185,13M
2185,1381,13M
1381,1383,13M
1383,1666,13M
1666,1065,13M
1065,1760,13M
1760,1378,13M
1378,657,13M
657,790,13M
790,870,13M
870,1783,13M
1783,1882,13M
1882,1137,13M
1137,268,13M
268,1914,13M
1914,889,13M
889,1811,13M
1811,172,13M
172,679,13M
679,360,13M
360,632,13M
632,1936,13M
1936,2127,13M
2127,1495,13M
1495,420,13M
420,397,13M
397,1799,13M
1799,1582,13M
1582,1117,13M
1117,594,13M
594,1797,13M
1797,32,13M
538,537,19
537,1118,19
1118,1584,19
1584,847,19
847,1164,19
1164,1401,19
1401,319,19
319,1591,19
1591,836,19
836,1574,19
1574,929,19
929,785,19
785,567,19
567,1595,19
1597,568,19
568,786,19
786,932,19
932,1575,19
1575,837,19
837,1592,19
1592,320,19
320,1402,19
1402,1163,19
1163,846,19
846,1585,19
1585,2480,19
2480,538,19
115,2098,1M
2098,1499,1M
1499,1933,1M
1933,1489,1M
1489,125,1M
125,1460,1M
1460,1399,1M
1399,2156,1M
2156,794,1M
794,1236,1M
1236,1045,1M
1045,1724,1M
1724,906,1M
906,1211,1M
1211,1336,1M
1336,1722,1M
1722,933,1M
933,1677,1M
1677,1844,1M
1844,2364,1M
2364,1618,1M
1618,2383,1M
2383,1422,1M
1422,1727,1M
1727,1681,1M
1681,652,1M
652,1441,1M
1441,1108,1M
1108,2315,1M
2315,624,1M
624,1616,1M
1616,1614,1M
1614,2094,1M
2094,263,1M
263,1527,1M
1527,2095,1M
2095,1615,1M
1615,885,1M
885,625,1M
625,2316,1M
2316,1107,1M
1107,1442,1M
1442,653,1M
653,1682,1M
1682,1690,1M
1690,2215,1M
2215,1689,1M
1689,1423,1M
1423,2384,1M
2384,1619,1M
1619,2365,1M
2365,1843,1M
1843,1678,1M
1678,934,1M
934,1723,1M
1723,1337,1M
1337,1212,1M
1212,907,1M
907,1725,1M
1725,1046,1M
1046,1237,1M
1237,795,1M
795,2157,1M
2157,1400,1M
1400,1461,1M
1461,126,1M
126,1490,1M
1490,1934,1M
1934,1417,1M
1417,1498,1M
1498,2100,1M
2100,2123,1M
2123,34,1M
34,115,1M
334,1396,201
1396,1777,201
1777,1796,201
1796,1043,201
1043,537,201
537,1120,201
1120,1580,201
1580,1801,201
1801,1236,201
1236,1045,201
1045,1724,201
1724,906,201
906,1211,201
1211,1336,201
1336,1722,201
1722,933,201
933,1677,201
1677,1844,201
1844,2364,201
2364,1618,201
1618,2383,201
2383,1422,201
1422,1310,201
1310,654,201
654,1444,201
1444,902,201
902,1108,201
1108,2315,201
2315,622,201
622,2316,201
2316,1636,201
1636,903,201
903,1443,201
1443,1244,201
1244,655,201
655,1311,201
1311,776,201
776,1423,201
1423,2384,201
2384,1619,201
1619,2365,201
2365,1843,201
1843,1678,201
1678,934,201
934,1723,201
1723,1337,201
1337,1212,201
1212,907,201
907,1725,201
1725,1046,201
1046,1237,201
1237,1802,201
1802,1582,201
1582,1117,201
1117,596,201
596,1797,201
1797,0,201
0,2351,201
2351,1243,201
1243,334,201
2356,1796,202
1796,1043,202
1043,537,202
537,1120,202
1120,1581,202
1581,1798,202
1798,395,202
395,291,202
291,96,202
96,75,202
75,407,202
407,956,202
956,1693,202
1693,2230,202
2230,1750,202
1750,993,202
993,390,202
390,1270,202
1270,1810,202
1810,888,202
888,1474,202
1474,1173,202
1173,2445,202
2445,2443,202
2443,2444,202
2444,2441,202
2441,1174,202
1174,1476,202
1476,889,202
889,1811,202
1811,1271,202
1271,640,202
640,391,202
391,994,202
994,1751,202
1751,2231,202
2231,1694,202
1694,958,202
958,408,202
408,76,202
76,97,202
97,420,202
420,397,202
397,1799,202
1799,1582,202
1582,1117,202
1117,596,202
596,1797,202
1797,0,202
0,2356,202
34,2351,203
2351,1024,203
1024,1814,203
1814,921,203
921,723,203
723,1105,203
1105,418,203
418,293,203
293,1071,203
1071,668,203
668,2126,203
2126,51,203
51,2144,203
2144,2142,203
2142,47,203
47,369,203
369,392,203
392,994,203
994,53,203
53,1300,203
1300,1953,203
1953,1329,203
1329,1544,203
1544,1443,203
1443,1244,203
1244,655,203
655,1690,203
1690,1752,203
1752,1596,203
1596,2215,203
2215,1689,203
1689,803,203
803,1310,203
1310,654,203
654,1444,203
1444,1545,203
1545,1328,203
1328,1952,203
1952,1301,203
1301,54,203
54,993,203
993,393,203
393,370,203
370,48,203
48,2143,203
2143,2145,203
2145,52,203
52,1936,203
1936,2127,203
2127,1495,203
1495,294,203
294,417,203
417,1106,203
1106,1148,203
1148,483,203
483,1817,203
1817,2355,203
2355,32,203
32,34,203
1480,914,204
914,186,204
186,1701,204
1701,404,204
404,288,204
288,2196,204
2196,258,204
258,975,204
975,800,204
800,553,204
553,291,204
291,96,204
96,75,204
75,407,204
407,956,204
956,1693,204
1693,1019,204
1019,2228,204
2228,1213,204
1213,1862,204
1862,1803,204
1803,1422,204
1422,1310,204
1310,654,204
654,1444,204
1444,902,204
902,1108,204
1108,2315,204
2315,622,204
622,2316,204
2316,1636,204
1636,903,204
903,1443,204
1443,1244,204
1244,655,204
655,1311,204
1311,776,204
776,1423,204
1423,1804,204
1804,1863,204
1863,1214,204
1214,2232,204
2232,2229,204
2229,1020,204
1020,1694,204
1694,958,204
958,408,204
408,76,204
76,97,204
97,420,204
420,292,204
292,1071,204
1071,1563,204
1563,1494,204
1494,1516,204
1516,704,204
704,187,204
187,915,204
915,1478,204
1478,1480,204
1126,868,205
868,913,205
913,910,205
910,1440,205
1440,1579,205
1579,2082,205
2082,250,205
250,255,205
255,322,205
322,735,205
735,607,205
607,2424,205
2424,2278,205
2278,428,205
428,1535,205
1535,734,205
734,669,205
669,1495,205
1495,552,205
552,291,205
291,402,205
402,1801,205
1801,1236,205
1236,1045,205
1045,1724,205
1724,906,205
906,1211,205
1211,1336,205
1336,1722,205
1722,933,205
1175,125,3
125,1462,3
1462,448,3
448,1401,3
1401,319,3
319,1591,3
1591,836,3
836,1574,3
1574,929,3
929,785,3
785,567,3
567,1595,3
1597,568,3
568,786,3
786,932,3
932,1575,3
1575,837,3
837,1592,3
1592,320,3
320,1402,3
1402,449,3
449,1463,3
1463,127,3
127,1175,3
2396,609,108
609,1247,108
1247,485,108
485,289,108
289,301,108
301,1941,108
1941,1730,108
1730,1551,108
1551,1197,108
1197,2432,108
2432,62,108
62,1195,108
1195,965,108
965,964,108
964,966,108
966,1196,108
1196,63,108
63,2433,108
2433,1198,108
1198,1552,108
1552,1731,108
1731,1942,108
1942,302,108
302,290,108
290,486,108
486,1245,108
1245,608,108
608,808,108
808,2397,108
2397,2396,108
40,818,109
818,630,109
630,1623,109
1623,1225,109
1225,986,109
986,303,109
303,1393,109
1393,1146,109
1146,1866,109
1866,2295,109
2295,1688,109
1688,542,109
542,1540,109
1540,816,109
816,977,109
977,2050,109
2050,2187,109
2187,1415,109
1415,2459,109
2459,1302,109
1302,273,109
273,2370,109
2370,1746,109
1746,1217,109
1217,198,109
199,1219,109
1219,1747,109
1747,2371,109
2371,272,109
272,1303,109
1303,1922,109
1922,339,109
339,1147,109
1147,1392,109
1392,304,109
304,511,109
511,631,109
631,819,109
819,40,109
115,2099,10M
2099,1335,10M
1335,413,10M
413,875,10M
875,1883,10M
1883,1240,10M
1240,1034,10M
1034,530,10M
530,1644,10M
1644,1286,10M
1286,2225,10M
2225,791,10M
791,1792,10M
1792,1395,10M
1395,780,10M
780,2175,10M
2175,478,10M
478,661,10M
661,2070,10M
2070,809,10M
809,2205,10M
2205,832,10M
832,1138,10M
1138,1532,10M
1532,2085,10M
2085,1427,10M
1427,2395,10M
2395,2410,10M
2410,2394,10M
2394,1428,10M
1428,2086,10M
2086,1531,10M
1531,1139,10M
1139,833,10M
833,2206,10M
2206,810,10M
810,2069,10M
2069,660,10M
660,477,10M
477,2176,10M
2176,781,10M
781,168,10M
168,1218,10M
1218,1644,10M
1644,1286,10M
1286,1095,10M
1095,529,10M
529,1035,10M
1035,1241,10M
1241,1884,10M
1884,876,10M
876,796,10M
796,153,10M
153,412,10M
412,1777,10M
1777,34,10M
34,115,10M
1127,868,11M
868,913,11M
913,910,11M
910,614,11M
614,1186,11M
1186,735,11M
735,587,11M
587,1131,11M
1131,1823,11M
1823,1025,11M
1025,2355,11M
2355,116,11M
116,2098,11M
2098,1335,11M
1335,413,11M
413,875,11M
875,1883,11M
1883,1240,11M
1240,1034,11M
1034,2349,11M
2349,774,11M
774,806,11M
806,1492,11M
1492,182,11M
182,557,11M
557,419,11M
419,1341,11M
1341,575,11M
575,99,11M
99,2025,11M
2025,1867,11M
1868,2026,11M
2026,1292,11M
1292,574,11M
574,576,11M
576,2002,11M
2002,181,11M
181,1491,11M
1491,807,11M
807,775,11M
775,2350,11M
2350,1094,11M
1094,1033,11M
1033,876,11M
876,796,11M
796,153,11M
153,412,11M
412,1777,11M
1777,33,11M
33,2351,11M
2351,1024,11M
1024,1822,11M
1822,1132,11M
1132,586,11M
586,736,11M
736,1185,11M
1185,1193,11M
1193,1191,11M
1191,1145,11M
1145,2242,11M
2242,1183,11M
1183,1127,11M
32,1796,12M
1796,1043,12M
1043,537,12M
537,1120,12M
1120,1580,12M
1580,1800,12M
1800,1236,12M
1236,1047,12M
1047,508,12M
508,1203,12M
1203,207,12M
207,473,12M
473,15,12M
15,811,12M
811,1296,12M
1296,1293,12M
1293,2309,12M
2309,1433,12M
1433,1805,12M
1805,1341,12M
1341,576,12M
576,2002,12M
2002,181,12M
181,1983,12M
1983,1115,12M
1115,113,12M
113,1362,12M
1362,1073,12M
1073,2304,12M
2304,1176,12M
1176,2223,12M
2223,690,12M
690,1294,12M
1294,2173,12M
2174,1295,12M
1295,691,12M
691,2224,12M
2224,381,12M
381,2300,12M
2300,138,12M
138,2416,12M
2416,1177,12M
1177,2305,12M
2305,1074,12M
1074,1363,12M
1363,114,12M
114,1116,12M
1116,1984,12M
1984,183,12M
183,557,12M
557,419,12M
419,1343,12M
1343,1806,12M
1806,1434,12M
1434,487,12M
487,1297,12M
1297,108,12M
108,16,12M
16,474,12M
474,206,12M
206,1204,12M
1204,507,12M
507,1546,12M
1546,1237,12M
1237,1802,12M
1802,1582,12M
1582,1117,12M
1117,594,12M
594,1797,12M
1797,32,12M
32,1796,13M
1796,1043,13M
1043,537,13M
537,1120,13M
1120,1581,13M
1581,1798,13M
1798,395,13M
395,293,13M
293,1071,13M
1071,668,13M
668,2126,13M
2126,1935,13M
1935,963,13M
963,633,13M
633,359,13M
359,678,13M
678,171,13M
171,1810,13M
1810,888,13M
888,1474,13M
1474,589,13M
589,267,13M
267,1136,13M
1136,1881,13M
1881,1782,13M
1782,869,13M
869,789,13M
789,656,13M
656,93,13M
93,65,13M
65,1527,13M
1527,1066,13M
1066,1330,13M
1330,2185,13M
2185,1381,13M
1381,1383,13M
1383,1666,13M
1666,1065,13M
1065,1760,13M
1760,1378,13M
1378,657,13M
657,790,13M
790,870,13M
870,1783,13M
1783,1882,13M
1882,1137,13M
1137,268,13M
268,1914,13M
1914,889,13M
889,1811,13M
1811,172,13M
172,679,13M
679,360,13M
360,632,13M
632,1936,13M
1936,2127,13M
2127,1495,13M
1495,420,13M
420,397,13M
397,1799,13M
1799,1582,13M
1582,1117,13M
1117,594,13M
594,1797,13M
1797,32,13M
538,537,20
537,1118,20
1118,1584,20
1584,847,20
847,1164,20
1164,1401,20
1401,319,20
319,1591,20
1591,836,20
836,1574,20
1574,929,20
929,785,20
785,567,20
567,1595,20
1597,568,20
568,786,20
786,932,20
932,1575,20
1575,837,20
837,1592,20
1592,320,20
320,1402,20
1402,1163,20
1163,846,20
846,1585,20
1585,2480,20
2480,538,20
115,2098,1M
2098,1499,1M
1499,1933,1M
1933,1489,1M
1489,125,1M
125,1460,1M
1460,1399,1M
1399,2156,1M
2156,794,1M
794,1236,1M
1236,1045,1M
1045,1724,1M
1724,906,1M
906,1211,1M
1211,1336,1M
1336,1722,1M
1722,933,1M
933,1677,1M
1677,1844,1M
1844,2364,1M
2364,1618,1M
1618,2383,1M
2383,1422,1M
1422,1727,1M
1727,1681,1M
1681,652,1M
652,1441,1M
1441,1108,1M
1108,2315,1M
2315,624,1M
624,1616,1M
1616,1614,1M
1614,2094,1M
2094,263,1M
263,1527,1M
1527,2095,1M
2095,1615,1M
1615,885,1M
885,625,1M
625,2316,1M
2316,1107,1M
1107,1442,1M
1442,653,1M
653,1682,1M
1682,1690,1M
1690,2215,1M
2215,1689,1M
1689,1423,1M
1423,2384,1M
2384,1619,1M
1619,2365,1M
2365,1843,1M
1843,1678,1M
1678,934,1M
934,1723,1M
1723,1337,1M
1337,1212,1M
1212,907,1M
907,1725,1M
1725,1046,1M
1046,1237,1M
1237,795,1M
795,2157,1M
2157,1400,1M
1400,1461,1M
1461,126,1M
126,1490,1M
1490,1934,1M
1934,1417,1M
1417,1498,1M
1498,2100,1M
2100,2123,1M
2123,34,1M
34,115,1M
334,1396,202
1396,1777,202
1777,1796,202
1796,1043,202
1043,537,202
537,1120,202
1120,1580,202
1580,1801,202
1801,1236,202
1236,1045,202
1045,1724,202
1724,906,202
906,1211,202
1211,1336,202
1336,1722,202
1722,933,202
933,1677,202
1677,1844,202
1844,2364,202
2364,1618,202
1618,2383,202
2383,1422,202
1422,1310,202
1310,654,202
654,1444,202
1444,902,202
902,1108,202
1108,2315,202
2315,622,202
622,2316,202
2316,1636,202
1636,903,202
903,1443,202
1443,1244,202
1244,655,202
655,1311,202
1311,776,202
776,1423,202
1423,2384,202
2384,1619,202
1619,2365,202
2365,1843,202
1843,1678,202
1678,934,202
934,1723,202
1723,1337,202
1337,1212,202
1212,907,202
907,1725,202
1725,1046,202
1046,1237,202
1237,1802,202
1802,1582,202
1582,1117,202
1117,596,202
596,1797,202
1797,0,202
0,2351,202
2351,1243,202
1243,334,202
2356,1796,203
1796,1043,203
1043,537,203
537,1120,203
1120,1581,203
1581,1798,203
1798,395,203
395,291,203
291,96,203
96,75,203
75,407,203
407,956,203
956,1693,203
1693,2230,203
2230,1750,203
1750,993,203
993,390,203
390,1270,203
1270,1810,203
1810,888,203
888,1474,203
1474,1173,203
1173,2445,203
2445,2443,203
2443,2444,203
2444,2441,203
2441,1174,203
1174,1476,203
1476,889,203
889,1811,203
1811,1271,203
1271,640,203
640,391,203
391,994,203
994,1751,203
1751,2231,203
2231,1694,203
1694,958,203
958,408,203
408,76,203
76,97,203
97,420,203
420,397,203
397,1799,203
1799,1582,203
1582,1117,203
1117,596,203
596,1797,203
1797,0,203
0,2356,203
34,2351,204
2351,1024,204
1024,1814,204
1814,921,204
921,723,204
723,1105,204
1105,418,204
418,293,204
293,1071,204
1071,668,204
668,2126,204
2126,51,204
51,2144,204
2144,2142,204
2142,47,204
47,369,204
369,392,204
392,994,204
994,53,204
53,1300,204
1300,1953,204
1953,1329,204
1329,1544,204
1544,1443,204
1443,1244,204
1244,655,204
655,1690,204
1690,1752,204
1752,1596,204
1596,2215,204
2215,1689,204
1689,803,204
803,1310,204
1310,654,204
654,1444,204
1444,1545,204
1545,1328,204
1328,1952,204
1952,1301,204
1301,54,204
54,993,204
993,393,204
393,370,204
370,48,204
48,2143,204
2143,2145,204
2145,52,204
52,1936,204
1936,2127,204
2127,1495,204
1495,294,204
294,417,204
417,1106,204
1106,1148,204
1148,483,204
483,1817,204
1817,2355,204
2355,32,204
32,34,204
1480,914,205
914,186,205
186,1701,205
1701,404,205
404,288,205
288,2196,205
2196,258,205
258,975,205
975,800,205
800,553,205
553,291,205
291,96,205
96,75,205
75,407,205
407,956,205
956,1693,205
1693,1019,205
1019,2228,205
2228,1213,205
1213,1862,205
1862,1803,205
1803,1422,205
1422,1310,205
1310,654,205
654,1444,205
1444,902,205
902,1108,205
1108,2315,205
2315,622,205
622,2316,205
2316,1636,205
1636,903,205
903,1443,205
1443,1244,205
1244,655,205
655,1311,205
1311,776,205
776,1423,205
1423,1804,205
1804,1863,205
1863,1214,205
1214,2232,205
2232,2229,205
2229,1020,205
1020,1694,205
1694,958,205
958,408,205
408,76,205
76,97,205
97,420,205
420,292,205
292,1071,205
1071,1563,205
1563,1494,205
1494,1516,205
1516,704,205
704,187,205
187,915,205
915,1478,205
1478,1480,205
1126,868,206
868,913,206
913,910,206
910,1440,206
1440,1579,206
1579,2082,206
2082,250,206
250,255,206
255,322,206
322,735,206
735,607,206
607,2424,206
2424,2278,206
2278,428,206
428,1535,206
1535,734,206
734,669,206
669,1495,206
1495,552,206
552,291,206
291,402,206
402,1801,206
1801,1236,206
1236,1045,206
1045,1724,206
1724,906,206
906,1211,206
1211,1336,206
1336,1722,206
1722,933,206
1175,125,4
125,1462,4
1462,448,4
448,1401,4
1401,319,4
319,1591,4
1591,836,4
836,1574,4
1574,929,4
929,785,4
785,567,4
567,1595,4
1597,568,4
568,786,4
786,932,4
932,1575,4
1575,837,4
837,1592,4
1592,320,4
320,1402,4
1402,449,4
449,1463,4
1463,127,4
127,1175,4
2396,609,109
609,1247,109
1247,485,109
485,289,109
289,301,109
301,1941,109
1941,1730,109
1730,1551,109
1551,1197,109
1197,2432,109
2432,62,109
62,1195,109
1195,965,109
965,964,109
964,966,109
966,1196,109
1196,63,109
63,2433,109
2433,1198,109
1198,1552,109
1552,1731,109
1731,1942,109
1942,302,109
302,290,109
290,486,109
486,1245,109
1245,608,109
608,808,109
808,2397,109
2397,2396,109
40,818,110
818,630,110
630,1623,110
1623,1225,110
1225,986,110
986,303,110
303,1393,110
1393,1146,110
1146,1866,110
1866,2295,110
2295,1688,110
1688,542,110
542,1540,110
1540,816,110
816,977,110
977,2050,110
2050,2187,110
2187,1415,110
1415,2459,110
2459,1302,110
1302,273,110
273,2370,110
2370,1746,110
1746,1217,110
1217,198,110
199,1219,110
1219,1747,110
1747,2371,110
2371,272,110
272,1303,110
1303,1922,110
1922,339,110
339,1147,110
1147,1392,110
1392,304,110
304,511,110
511,631,110
631,819,110
819,40,110
115,2099,10M
2099,1335,10M
1335,413,10M
413,875,10M
875,1883,10M
1883,1240,10M
1240,1034,10M
1034,530,10M
530,1644,10M
1644,1286,10M
1286,2225,10M
2225,791,10M
791,1792,10M
1792,1395,10M
1395,780,10M
780,2175,10M
2175,478,10M
478,661,10M
661,2070,10M
2070,809,10M
809,2205,10M
2205,832,10M
832,1138,10M
1138,1532,10M
1532,2085,10M
2085,1427,10M
1427,2395,10M
2395,2410,10M
2410,2394,10M
2394,1428,10M
1428,2086,10M
2086,1531,10M
1531,1139,10M
1139,833,10M
833,2206,10M
2206,810,10M
810,2069,10M
2069,660,10M
660,477,10M
477,2176,10M
2176,781,10M
781,168,10M
168,1218,10M
1218,1644,10M
1644,1286,10M
1286,1095,10M
1095,529,10M
529,1035,10M
1035,1241,10M
1241,1884,10M
1884,876,10M
876,796,10M
796,153,10M
153,412,10M
412,1777,10M
1777,34,10M
34,115,10M
1127,868,11M
868,913,11M
913,910,11M
910,614,11M
614,1186,11M
1186,735,11M
735,587,11M
587,1131,11M
1131,1823,11M
1823,1025,11M
1025,2355,11M
2355,116,11M
116,2098,11M
2098,1335,11M
1335,413,11M
413,875,11M
875,1883,11M
1883,1240,11M
1240,1034,11M
1034,2349,11M
2349,774,11M
774,806,11M
806,1492,11M
1492,182,11M
182,557,11M
557,419,11M
419,1341,11M
1341,575,11M
575,99,11M
99,2025,11M
2025,1867,11M
1868,2026,11M
2026,1292,11M
1292,574,11M
574,576,11M
576,2002,11M
2002,181,11M
181,1491,11M
1491,807,11M
807,775,11M
775,2350,11M
2350,1094,11M
1094,1033,11M
1033,876,11M
876,796,11M
796,153,11M
153,412,11M
412,1777,11M
1777,33,11M
33,2351,11M
2351,1024,11M
1024,1822,11M
1822,1132,11M
1132,586,11M
586,736,11M
736,1185,11M
1185,1193,11M
1193,1191,11M
1191,1145,11M
1145,2242,11M
2242,1183,11M
1183,1127,11M
32,1796,12M
1796,1043,12M
1043,537,12M
537,1120,12M
1120,1580,12M
1580,1800,12M
1800,1236,12M
1236,1047,12M
1047,508,12M
508,1203,12M
1203,207,12M
207,473,12M
473,15,12M
15,811,12M
811,1296,12M
1296,1293,12M
1293,2309,12M
2309,1433,12M
1433,1805,12M
1805,1341,12M
1341,576,12M
576,2002,12M
2002,181,12M
181,1983,12M
1983,1115,12M
1115,113,12M
113,1362,12M
1362,1073,12M
1073,2304,12M
2304,1176,12M
1176,2223,12M
2223,690,12M
690,1294,12M
1294,2173,12M
2174,1295,12M
1295,691,12M
691,2224,12M
2224,381,12M
381,2300,12M
2300,138,12M
138,2416,12M
2416,1177,12M
1177,2305,12M
2305,1074,12M
1074,1363,12M
1363,114,12M
114,1116,12M
1116,1984,12M
1984,183,12M
183,557,12M
557,419,12M
419,1343,12M
1343,1806,12M
1806,1434,12M
1434,487,12M
487,1297,12M
1297,108,12M
108,16,12M
16,474,12M
474,206,12M
206,1204,12M
1204,507,12M
507,1546,12M
1546,1237,12M
1237,1802,12M
1802,1582,12M
1582,1117,12M
1117,594,12M
594,1797,12M
1797,32,12M
32,1796,13M
1796,1043,13M
1043,537,13M
537,1120,13M
1120,1581,13M
1581,1798,13M
1798,395,13M
395,293,13M
293,1071,13M
1071,668,13M
668,2126,13M
2126,1935,13M
1935,963,13M
963,633,13M
633,359,13M
359,678,13M
678,171,13M
171,1810,13M
1810,888,13M
888,1474,13M
1474,589,13M
589,267,13M
267,1136,13M
1136,1881,13M
1881,1782,13M
1782,869,13M
869,789,13M
789,656,13M
656,93,13M
93,65,13M
65,1527,13M
1527,1066,13M
1066,1330,13M
1330,2185,13M
2185,1381,13M
1381,1383,13M
1383,1666,13M
1666,1065,13M
1065,1760,13M
1760,1378,13M
1378,657,13M
657,790,13M
790,870,13M
870,1783,13M
1783,1882,13M
1882,1137,13M
1137,268,13M
268,1914,13M
1914,889,13M
889,1811,13M
1811,172,13M
172,679,13M
679,360,13M
360,632,13M
632,1936,13M
1936,2127,13M
2127,1495,13M
1495,420,13M
420,397,13M
397,1799,13M
1799,1582,13M
1582,1117,13M
1117,594,13M
594,1797,13M
1797,32,13M
538,537,21
537,1118,21
1118,1584,21
1584,847,21
847,1164,21
1164,1401,21
1401,319,21
319,1591,21
1591,836,21
836,1574,21
1574,929,21
929,785,21
785,567,21
567,1595,21
1597,568,21
568,786,21
786,932,21
932,1575,21
1575,837,21
837,1592,21
1592,320,21
320,1402,21
1402,1163,21
1163,846,21
846,1585,21
1585,2480,21
2480,538,21
115,2098,1M
2098,1499,1M
1499,1933,1M
1933,1489,1M
1489,125,1M
125,1460,1M
1460,1399,1M
1399,2156,1M
2156,794,1M
794,1236,1M
1236,1045,1M
1045,1724,1M
1724,906,1M
906,1211,1M
1211,1336,1M
1336,1722,1M
1722,933,1M
933,1677,1M
1677,1844,1M
1844,2364,1M
2364,1618,1M
1618,2383,1M
2383,1422,1M
1422,1727,1M
1727,1681,1M
1681,652,1M
652,1441,1M
1441,1108,1M
1108,2315,1M
2315,624,1M
624,1616,1M
1616,1614,1M
1614,2094,1M
2094,263,1M
263,1527,1M
1527,2095,1M
2095,1615,1M
1615,885,1M
885,625,1M
625,2316,1M
2316,1107,1M
1107,1442,1M
1442,653,1M
653,1682,1M
1682,1690,1M
1690,2215,1M
2215,1689,1M
1689,1423,1M
1423,2384,1M
2384,1619,1M
1619,2365,1M
2365,1843,1M
1843,1678,1M
1678,934,1M
934,1723,1M
1723,1337,1M
1337,1212,1M
1212,907,1M
907,1725,1M
1725,1046,1M
1046,1237,1M
1237,795,1M
795,2157,1M
2157,1400,1M
1400,1461,1M
1461,126,1M
126,1490,1M
1490,1934,1M
1934,1417,1M
1417,1498,1M
1498,2100,1M
2100,2123,1M
2123,34,1M
34,115,1M
334,1396,203
1396,1777,203
1777,1796,203
1796,1043,203
1043,537,203
537,1120,203
1120,1580,203
1580,1801,203
1801,1236,203
1236,1045,203
1045,1724,203
1724,906,203
906,1211,203
1211,1336,203
1336,1722,203
1722,933,203
933,1677,203
1677,1844,203
1844,2364,203
2364,1618,203
1618,2383,203
2383,1422,203
1422,1310,203
1310,654,203
654,1444,203
1444,902,203
902,1108,203
1108,2315,203
2315,622,203
622,2316,203
2316,1636,203
1636,903,203
903,1443,203
1443,1244,203
1244,655,203
655,1311,203
1311,776,203
776,1423,203
1423,2384,203
2384,1619,203
1619,2365,203
2365,1843,203
1843,1678,203
1678,934,203
934,1723,203
1723,1337,203
1337,1212,203
1212,907,203
907,1725,203
1725,1046,203
1046,1237,203
1237,1802,203
1802,1582,203
1582,1117,203
1117,596,203
596,1797,203
1797,0,203
0,2351,203
2351,1243,203
1243,334,203
2356,1796,204
1796,1043,204
1043,537,204
537,1120,204
1120,1581,204
1581,1798,204
1798,395,204
395,291,204
291,96,204
96,75,204
75,407,204
407,956,204
956,1693,204
1693,2230,204
2230,1750,204
1750,993,204
993,390,204
390,1270,204
1270,1810,204
1810,888,204
888,1474,204
1474,1173,204
1173,2445,204
2445,2443,204
2443,2444,204
2444,2441,204
2441,1174,204
1174,1476,204
1476,889,204
889,1811,204
1811,1271,204
1271,640,204
640,391,204
391,994,204
994,1751,204
1751,2231,204
2231,1694,204
1694,958,204
958,408,204
408,76,204
76,97,204
97,420,204
420,397,204
397,1799,204
1799,1582,204
1582,1117,204
1117,596,204
596,1797,204
1797,0,204
0,2356,204
34,2351,205
2351,1024,205
1024,1814,205
1814,921,205
921,723,205
723,1105,205
1105,418,205
418,293,205
293,1071,205
1071,668,205
668,2126,205
2126,51,205
51,2144,205
2144,2142,205
2142,47,205
47,369,205
369,392,205
392,994,205
994,53,205
53,1300,205
1300,1953,205
1953,1329,205
1329,1544,205
1544,1443,205
1443,1244,205
1244,655,205
655,1690,205
1690,1752,205
1752,1596,205
1596,2215,205
2215,1689,205
1689,803,205
803,1310,205
1310,654,205
654,1444,205
1444,1545,205
1545,1328,205
1328,1952,205
1952,1301,205
1301,54,205
54,993,205
993,393,205
393,370,205
370,48,205
48,2143,205
2143,2145,205
2145,52,205
52,1936,205
1936,2127,205
2127,1495,205
1495,294,205
294,417,205
417,1106,205
1106,1148,205
1148,483,205
483,1817,205
1817,2355,205
2355,32,205
32,34,205
1480,914,206
914,186,206
186,1701,206
1701,404,206
404,288,206
288,2196,206
2196,258,206
258,975,206
975,800,206
800,553,206
553,291,206
291,96,206
96,75,206
75,407,206
407,956,206
956,1693,206
1693,1019,206
1019,2228,206
2228,1213,206
1213,1862,206
1862,1803,206
1803,1422,206
1422,1310,206
1310,654,206
654,1444,206
1444,902,206
902,1108,206
1108,2315,206
2315,622,206
622,2316,206
2316,1636,206
1636,903,206
903,1443,206
1443,1244,206
1244,655,206
655,1311,206
1311,776,206
776,1423,206
1423,1804,206
1804,1863,206
1863,1214,206
1214,2232,206
2232,2229,206
2229,1020,206
1020,1694,206
1694,958,206
958,408,206
408,76,206
76,97,206
97,420,206
420,292,206
292,1071,206
1071,1563,206
1563,1494,206
1494,1516,206
1516,704,206
704,187,206
187,915,206
915,1478,206
1478,1480,206
1126,868,207
868,913,207
913,910,207
910,1440,207
1440,1579,207
1579,2082,207
2082,250,207
250,255,207
255,322,207
322,735,207
735,607,207
607,2424,207
2424,2278,207
2278,428,207
428,1535,207
1535,734,207
734,669,207
669,1495,207
1495,552,207
552,291,207
291,402,207
402,1801,207
1801,1236,207
1236,1045,207
1045,1724,207
1724,906,207
906,1211,207
1211,1336,207
1336,1722,207
1722,933,207
1175,125,5
125,1462,5
1462,448,5
448,1401,5
1401,319,5
319,1591,5
1591,836,5
836,1574,5
1574,929,5
929,785,5
785,567,5
567,1595,5
1597,568,5
568,786,5
786,932,5
932,1575,5
1575,837,5
837,1592,5
1592,320,5
320,1402,5
1402,449,5
449,1463,5
1463,127,5
127,1175,5
2396,609,110
609,1247,110
1247,485,110
485,289,110
289,301,110
301,1941,110
1941,1730,110
1730,1551,110
1551,1197,110
1197,2432,110
2432,62,110
62,1195,110
1195,965,110
965,964,110
964,966,110
966,1196,110
1196,63,110
63,2433,110
2433,1198,110
1198,1552,110
1552,1731,110
1731,1942,110
1942,302,110
302,290,110
290,486,110
486,1245,110
1245,608,110
608,808,110
808,2397,110
2397,2396,110
40,818,111
818,630,111
630,1623,111
1623,1225,111
1225,986,111
986,303,111
303,1393,111
1393,1146,111
1146,1866,111
1866,2295,111
2295,1688,111
1688,542,111
542,1540,111
1540,816,111
816,977,111
977,2050,111
2050,2187,111
2187,1415,111
1415,2459,111
2459,1302,111
1302,273,111
273,2370,111
2370,1746,111
1746,1217,111
1217,198,111
199,1219,111
1219,1747,111
1747,2371,111
2371,272,111
272,1303,111
1303,1922,111
1922,339,111
339,1147,111
1147,1392,111
1392,304,111
304,511,111
511,631,111
631,819,111
819,40,111
115,2099,10M
2099,1335,10M
1335,413,10M
413,875,10M
875,1883,10M
1883,1240,10M
1240,1034,10M
1034,530,10M
530,1644,10M
1644,1286,10M
1286,2225,10M
2225,791,10M
791,1792,10M
1792,1395,10M
1395,780,10M
780,2175,10M
2175,478,10M
478,661,10M
661,2070,10M
2070,809,10M
809,2205,10M
2205,832,10M
832,1138,10M
1138,1532,10M
1532,2085,10M
2085,1427,10M
1427,2395,10M
2395,2410,10M
2410,2394,10M
2394,1428,10M
1428,2086,10M
2086,1531,10M
1531,1139,10M
1139,833,10M
833,2206,10M
2206,810,10M
810,2069,10M
2069,660,10M
660,477,10M
477,2176,10M
2176,781,10M
781,168,10M
168,1218,10M
1218,1644,10M
1644,1286,10M
1286,1095,10M
1095,529,10M
529,1035,10M
1035,1241,10M
1241,1884,10M
1884,876,10M
876,796,10M
796,153,10M
153,412,10M
412,1777,10M
1777,34,10M
34,115,10M
1127,868,11M
868,913,11M
913,910,11M
910,614,11M
614,1186,11M
1186,735,11M
735,587,11M
587,1131,11M
1131,1823,11M
1823,1025,11M
1025,2355,11M
2355,116,11M
116,2098,11M
2098,1335,11M
1335,413,11M
413,875,11M
875,1883,11M
1883,1240,11M
1240,1034,11M
1034,2349,11M
2349,774,11M
774,806,11M
806,1492,11M
1492,182,11M
182,557,11M
557,419,11M
419,1341,11M
1341,575,11M
575,99,11M
99,2025,11M
2025,1867,11M
1868,2026,11M
2026,1292,11M
1292,574,11M
574,576,11M
576,2002,11M
2002,181,11M
181,1491,11M
1491,807,11M
807,775,11M
775,2350,11M
2350,1094,11M
1094,1033,11M
1033,876,11M
876,796,11M
796,153,11M
153,412,11M
412,1777,11M
1777,33,11M
33,2351,11M
2351,1024,11M
1024,1822,11M
1822,1132,11M
1132,586,11M
586,736,11M
736,1185,11M
1185,1193,11M
1193,1191,11M
1191,1145,11M
1145,2242,11M
2242,1183,11M
1183,1127,11M
32,1796,12M
1796,1043,12M
1043,537,12M
537,1120,12M
1120,1580,12M
1580,1800,12M
1800,1236,12M
1236,1047,12M
1047,508,12M
508,1203,12M
1203,207,12M
207,473,12M
473,15,12M
15,811,12M
811,1296,12M
1296,1293,12M
1293,2309,12M
2309,1433,12M
1433,1805,12M
1805,1341,12M
1341,576,12M
576,2002,12M
2002,181,12M
181,1983,12M
1983,1115,12M
1115,113,12M
113,1362,12M
1362,1073,12M
1073,2304,12M
2304,1176,12M
1176,2223,12M
2223,690,12M
690,1294,12M
1294,2173,12M
2174,1295,12M
1295,691,12M
691,2224,12M
2224,381,12M
381,2300,12M
2300,138,12M
138,2416,12M
2416,1177,12M
1177,2305,12M
2305,1074,12M
1074,1363,12M
1363,114,12M
114,1116,12M
1116,1984,12M
1984,183,12M
183,557,12M
557,419,12M
419,1343,12M
1343,1806,12M
1806,1434,12M
1434,487,12M
487,1297,12M
1297,108,12M
108,16,12M
16,474,12M
474,206,12M
206,1204,12M
1204,507,12M
507,1546,12M
1546,1237,12M
1237,1802,12M
1802,1582,12M
1582,1117,12M
1117,594,12M
594,1797,12M
1797,32,12M
32,1796,13M
1796,1043,13M
1043,537,13M
537,1120,13M
1120,1581,13M
1581,1798,13M
1798,395,13M
395,293,13M
293,1071,13M
1071,668,13M
668,2126,13M
2126,1935,13M
1935,963,13M
963,633,13M
633,359,13M
359,678,13M
678,171,13M
171,1810,13M
1810,888,13M
888,1474,13M
1474,589,13M
589,267,13M
267,1136,13M
1136,1881,13M
1881,1782,13M
1782,869,13M
869,789,13M
789,656,13M
656,93,13M
93,65,13M
65,1527,13M
1527,1066,13M
1066,1330,13M
1330,2185,13M
2185,1381,13M
1381,1383,13M
1383,1666,13M
1666,1065,13M
1065,1760,13M
1760,1378,13M
1378,657,13M
657,790,13M
790,870,13M
870,1783,13M
1783,1882,13M
1882,1137,13M
1137,268,13M
268,1914,13M
1914,889,13M
889,1811,13M
1811,172,13M
172,679,13M
679,360,13M
360,632,13M
632,1936,13M
1936,2127,13M
2127,1495,13M
1495,420,13M
420,397,13M
397,1799,13M
1799,1582,13M
1582,1117,13M
1117,594,13M
594,1797,13M
1797,32,13M
538,537,22
537,1118,22
1118,1584,22
1584,847,22
847,1164,22
1164,1401,22
1401,319,22
319,1591,22
1591,836,22
836,1574,22
1574,929,22
929,785,22
785,567,22
567,1595,22
1597,568,22
568,786,22
786,932,22
932,1575,22
1575,837,22
837,1592,22
1592,320,22
320,1402,22
1402,1163,22
1163,846,22
846,1585,22
1585,2480,22
2480,538,22
115,2098,1M
2098,1499,1M
1499,1933,1M
1933,1489,1M
1489,125,1M
125,1460,1M
1460,1399,1M
1399,2156,1M
2156,794,1M
794,1236,1M
1236,1045,1M
1045,1724,1M
1724,906,1M
906,1211,1M
1211,1336,1M
1336,1722,1M
1722,933,1M
933,1677,1M
1677,1844,1M
1844,2364,1M
2364,1618,1M
1618,2383,1M
2383,1422,1M
1422,1727,1M
1727,1681,1M
1681,652,1M
652,1441,1M
1441,1108,1M
1108,2315,1M
2315,624,1M
624,1616,1M
1616,1614,1M
1614,2094,1M
2094,263,1M
263,1527,1M
1527,2095,1M
2095,1615,1M
1615,885,1M
885,625,1M
625,2316,1M
2316,1107,1M
1107,1442,1M
1442,653,1M
653,1682,1M
1682,1690,1M
1690,2215,1M
2215,1689,1M
1689,1423,1M
1423,2384,1M
2384,1619,1M
1619,2365,1M
2365,1843,1M
1843,1678,1M
1678,934,1M
934,1723,1M
1723,1337,1M
1337,1212,1M
1212,907,1M
907,1725,1M
1725,1046,1M
1046,1237,1M
1237,795,1M
795,2157,1M
2157,1400,1M
1400,1461,1M
1461,126,1M
126,1490,1M
1490,1934,1M
1934,1417,1M
1417,1498,1M
1498,2100,1M
2100,2123,1M
2123,34,1M
34,115,1M
334,1396,204
1396,1777,204
1777,1796,204
1796,1043,204
1043,537,204
537,1120,204
1120,1580,204
1580,1801,204
1801,1236,204
1236,1045,204
1045,1724,204
1724,906,204
906,1211,204
1211,1336,204
1336,1722,204
1722,933,204
933,1677,204
1677,1844,204
1844,2364,204
2364,1618,204
1618,2383,204
2383,1422,204
1422,1310,204
1310,654,204
654,1444,204
1444,902,204
902,1108,204
1108,2315,204
2315,622,204
622,2316,204
2316,1636,204
1636,903,204
903,1443,204
1443,1244,204
1244,655,204
655,1311,204
1311,776,204
776,1423,204
1423,2384,204
2384,1619,204
1619,2365,204
2365,1843,204
1843,1678,204
1678,934,204
934,1723,204
1723,1337,204
1337,1212,204
1212,907,204
907,1725,204
1725,1046,204
1046,1237,204
1237,1802,204
1802,1582,204
1582,1117,204
1117,596,204
596,1797,204
1797,0,204
0,2351,204
2351,1243,204
1243,334,204
2356,1796,205
1796,1043,205
1043,537,205
537,1120,205
1120,1581,205
1581,1798,205
1798,395,205
395,291,205
291,96,205
96,75,205
75,407,205
407,956,205
956,1693,205
1693,2230,205
2230,1750,205
1750,993,205
993,390,205
390,1270,205
1270,1810,205
1810,888,205
888,1474,205
1474,1173,205
1173,2445,205
2445,2443,205
2443,2444,205
2444,2441,205
2441,1174,205
1174,1476,205
1476,889,205
889,1811,205
1811,1271,205
1271,640,205
640,391,205
391,994,205
994,1751,205
1751,2231,205
2231,1694,205
1694,958,205
958,408,205
408,76,205
76,97,205
97,420,205
420,397,205
397,1799,205
1799,1582,205
1582,1117,205
1117,596,205
596,1797,205
1797,0,205
0,2356,205
34,2351,206
2351,1024,206
1024,1814,206
1814,921,206
921,723,206
723,1105,206
1105,418,206
418,293,206
293,1071,206
1071,668,206
668,2126,206
2126,51,206
51,2144,206
2144,2142,206
2142,47,206
47,369,206
369,392,206
392,994,206
994,53,206
53,1300,206
1300,1953,206
1953,1329,206
1329,1544,206
1544,1443,206
1443,1244,206
1244,655,206
655,1690,206
1690,1752,206
1752,1596,206
1596,2215,206
2215,1689,206
1689,803,206
803,1310,206
1310,654,206
654,1444,206
1444,1545,206
1545,1328,206
1328,1952,206
1952,1301,206
1301,54,206
54,993,206
993,393,206
393,370,206
370,48,206
48,2143,206
2143,2145,206
2145,52,206
52,1936,206
1936,2127,206
2127,1495,206
1495,294,206
294,417,206
417,1106,206
1106,1148,206
1148,483,206
483,1817,206
1817,2355,206
2355,32,206
32,34,206
1480,914,207
914,186,207
186,1701,207
1701,404,207
404,288,207
288,2196,207
2196,258,207
258,975,207
975,800,207
800,553,207
553,291,207
291,96,207
96,75,207
75,407,207
407,956,207
956,1693,207
1693,1019,207
1019,2228,207
2228,1213,207
1213,1862,207
1862,1803,207
1803,1422,207
1422,1310,207
1310,654,207
654,1444,207
1444,902,207
902,1108,207
1108,2315,207
2315,622,207
622,2316,207
2316,1636,207
1636,903,207
903,1443,207
1443,1244,207
1244,655,207
655,1311,207
1311,776,207
776,1423,207
1423,1804,207
1804,1863,207
1863,1214,207
1214,2232,207
2232,2229,207
2229,1020,207
1020,1694,207
1694,958,207
958,408,207
408,76,207
76,97,207
97,420,207
420,292,207
292,1071,207
1071,1563,207
1563,1494,207
1494,1516,207
1516,704,207
704,187,207
187,915,207
915,1478,207
1478,1480,207
1126,868,208
868,913,208
913,910,208
910,1440,208
1440,1579,208
1579,2082,208
2082,250,208
250,255,208
255,322,208
322,735,208
735,607,208
607,2424,208
2424,2278,208
2278,428,208
428,1535,208
1535,734,208
734,669,208
669,1495,208
1495,552,208
552,291,208
291,402,208
402,1801,208
1801,1236,208
1236,1045,208
1045,1724,208
1724,906,208
906,1211,208
1211,1336,208
1336,1722,208
1722,933,208
1175,125,6
125,1462,6
1462,448,6
448,1401,6
1401,319,6
319,1591,6
1591,836,6
836,1574,6
1574,929,6
929,785,6
785,567,6
567,1595,6
1597,568,6
568,786,6
786,932,6
932,1575,6
1575,837,6
837,1592,6
1592,320,6
320,1402,6
1402,449,6
449,1463,6
1463,127,6
127,1175,6
2396,609,111
609,1247,111
1247,485,111
485,289,111
289,301,111
301,1941,111
1941,1730,111
1730,1551,111
1551,1197,111
1197,2432,111
2432,62,111
62,1195,111
1195,965,111
965,964,111
964,966,111
966,1196,111
1196,63,111
63,2433,111
2433,1198,111
1198,1552,111
1552,1731,111
1731,1942,111
1942,302,111
302,290,111
290,486,111
486,1245,111
1245,608,111
608,808,111
808,2397,111
2397,2396,111
40,818,112
818,630,112
630,1623,112
1623,1225,112
1225,986,112
986,303,112
303,1393,112
1393,1146,112
1146,1866,112
1866,2295,112
2295,1688,112
1688,542,112
542,1540,112
1540,816,112
816,977,112
977,2050,112
2050,2187,112
2187,1415,112
1415,2459,112
2459,1302,112
1302,273,112
273,2370,112
2370,1746,112
1746,1217,112
1217,198,112
199,1219,112
1219,1747,112
1747,2371,112
2371,272,112
272,1303,112
1303,1922,112
1922,339,112
339,1147,112
1147,1392,112
1392,304,112
304,511,112
511,631,112
631,819,112
819,40,112
115,2099,10M
2099,1335,10M
1335,413,10M
413,875,10M
875,1883,10M
1883,1240,10M
1240,1034,10M
1034,530,10M
530,1644,10M
1644,1286,10M
1286,2225,10M
2225,791,10M
791,1792,10M
1792,1395,10M
1395,780,10M
780,2175,10M
2175,478,10M
478,661,10M
661,2070,10M
2070,809,10M
809,2205,10M
2205,832,10M
832,1138,10M
1138,1532,10M
1532,2085,10M
2085,1427,10M
1427,2395,10M
2395,2410,10M
2410,2394,10M
2394,1428,10M
1428,2086,10M
2086,1531,10M
1531,1139,10M
1139,833,10M
833,2206,10M
2206,810,10M
810,2069,10M
2069,660,10M
660,477,10M
477,2176,10M
2176,781,10M
781,168,10M
168,1218,10M
1218,1644,10M
1644,1286,10M
1286,1095,10M
1095,529,10M
529,1035,10M
1035,1241,10M
1241,1884,10M
1884,876,10M
876,796,10M
796,153,10M
153,412,10M
412,1777,10M
1777,34,10M
34,115,10M
1127,868,11M
868,913,11M
913,910,11M
910,614,11M
614,1186,11M
1186,735,11M
735,587,11M
587,1131,11M
1131,1823,11M
1823,1025,11M
1025,2355,11M
2355,116,11M
116,2098,11M
2098,1335,11M
1335,413,11M
413,875,11M
875,1883,11M
1883,1240,11M
1240,1034,11M
1034,2349,11M
2349,774,11M
774,806,11M
806,1492,11M
1492,182,11M
182,557,11M
557,419,11M
419,1341,11M
1341,575,11M
575,99,11M
99,2025,11M
2025,1867,11M
1868,2026,11M
2026,1292,11M
1292,574,11M
574,576,11M
576,2002,11M
2002,181,11M
181,1491,11M
1491,807,11M
807,775,11M
775,2350,11M
2350,1094,11M
1094,1033,11M
1033,876,11M
876,796,11M
796,153,11M
153,412,11M
412,1777,11M
1777,33,11M
33,2351,11M
2351,1024,11M
1024,1822,11M
1822,1132,11M
1132,586,11M
586,736,11M
736,1185,11M
1185,1193,11M
1193,1191,11M
1191,1145,11M
1145,2242,11M
2242,1183,11M
1183,1127,11M
32,1796,12M
1796,1043,12M
1043,537,12M
537,1120,12M
1120,1580,12M
1580,1800,12M
1800,1236,12M
1236,1047,12M
1047,508,12M
508,1203,12M
1203,207,12M
207,473,12M
473,15,12M
15,811,12M
811,1296,12M
1296,1293,12M
1293,2309,12M
2309,1433,12M
1433,1805,12M
1805,1341,12M
1341,576,12M
576,2002,12M
2002,181,12M
181,1983,12M
1983,1115,12M
1115,113,12M
113,1362,12M
1362,1073,12M
1073,2304,12M
2304,1176,12M
1176,2223,12M
2223,690,12M
690,1294,12M
1294,2173,12M
2174,1295,12M
1295,691,12M
691,2224,12M
2224,381,12M
381,2300,12M
2300,138,12M
138,2416,12M
2416,1177,12M
1177,2305,12M
2305,1074,12M
1074,1363,12M
1363,114,12M
114,1116,12M
1116,1984,12M
1984,183,12M
183,557,12M
557,419,12M
419,1343,12M
1343,1806,12M
1806,1434,12M
1434,487,12M
487,1297,12M
1297,108,12M
108,16,12M
16,474,12M
474,206,12M
206,1204,12M
1204,507,12M
507,1546,12M
1546,1237,12M
1237,1802,12M
1802,1582,12M
1582,1117,12M
1117,594,12M
594,1797,12M
1797,32,12M
32,1796,13M
1796,1043,13M
1043,537,13M
537,1120,13M
1120,1581,13M
1581,1798,13M
1798,395,13M
395,293,13M
293,1071,13M
1071,668,13M
668,2126,13M
2126,1935,13M
1935,963,13M
963,633,13M
633,359,13M
359,678,13M
678,171,13M
171,1810,13M
1810,888,13M
888,1474,13M
1474,589,13M
589,267,13M
267,1136,13M
1136,1881,13M
1881,1782,13M
1782,869,13M
869,789,13M
789,656,13M
656,93,13M
93,65,13M
65,1527,13M
1527,1066,13M
1066,1330,13M
1330,2185,13M
2185,1381,13M
1381,1383,13M
1383,1666,13M
1666,1065,13M
1065,1760,13M
1760,1378,13M
1378,657,13M
657,790,13M
790,870,13M
870,1783,13M
1783,1882,13M
1882,1137,13M
1137,268,13M
268,1914,13M
1914,889,13M
889,1811,13M
1811,172,13M
172,679,13M
679,360,13M
360,632,13M
632,1936,13M
1936,2127,13M
2127,1495,13M
1495,420,13M
420,397,13M
397,1799,13M
1799,1582,13M
1582,1117,13M
1117,594,13M
594,1797,13M
1797,32,13M
538,537,23
537,1118,23
1118,1584,23
1584,847,23
847,1164,23
1164,1401,23
1401,319,23
319,1591,23
1591,836,23
836,1574,23
1574,929,23
929,785,23
785,567,23
567,1595,23
1597,568,23
568,786,23
786,932,23
932,1575,23
1575,837,23
837,1592,23
1592,320,23
320,1402,23
1402,1163,23
1163,846,23
846,1585,23
1585,2480,23
2480,538,23
115,2098,1M
2098,1499,1M
1499,1933,1M
1933,1489,1M
1489,125,1M
125,1460,1M
1460,1399,1M
1399,2156,1M
2156,794,1M
794,1236,1M
1236,1045,1M
1045,1724,1M
1724,906,1M
906,1211,1M
1211,1336,1M
1336,1722,1M
1722,933,1M
933,1677,1M
1677,1844,1M
1844,2364,1M
2364,1618,1M
1618,2383,1M
2383,1422,1M
1422,1727,1M
1727,1681,1M
1681,652,1M
652,1441,1M
1441,1108,1M
1108,2315,1M
2315,624,1M
624,1616,1M
1616,1614,1M
1614,2094,1M
2094,263,1M
263,1527,1M
1527,2095,1M
2095,1615,1M
1615,885,1M
885,625,1M
625,2316,1M
2316,1107,1M
1107,1442,1M
1442,653,1M
653,1682,1M
1682,1690,1M
1690,2215,1M
2215,1689,1M
1689,1423,1M
1423,2384,1M
2384,1619,1M
1619,2365,1M
2365,1843,1M
1843,1678,1M
1678,934,1M
934,1723,1M
1723,1337,1M
1337,1212,1M
1212,907,1M
907,1725,1M
1725,1046,1M
1046,1237,1M
1237,795,1M
795,2157,1M
2157,1400,1M
1400,1461,1M
1461,126,1M
126,1490,1M
1490,1934,1M
1934,1417,1M
1417,1498,1M
1498,2100,1M
2100,2123,1M
2123,34,1M
34,115,1M
334,1396,205
1396,1777,205
1777,1796,205
1796,1043,205
1043,537,205
537,1120,205
1120,1580,205
1580,1801,205
1801,1236,205
1236,1045,205
1045,1724,205
1724,906,205
906,1211,205
1211,1336,205
1336,1722,205
1722,933,205
933,1677,205
1677,1844,205
1844,2364,205
2364,1618,205
1618,2383,205
2383,1422,205
1422,1310,205
1310,654,205
654,1444,205
1444,902,205
902,1108,205
1108,2315,205
2315,622,205
622,2316,205
2316,1636,205
1636,903,205
903,1443,205
1443,1244,205
1244,655,205
655,1311,205
1311,776,205
776,1423,205
1423,2384,205
2384,1619,205
1619,2365,205
2365,1843,205
1843,1678,205
1678,934,205
934,1723,205
1723,1337,205
1337,1212,205
1212,907,205
907,1725,205
1725,1046,205
1046,1237,205
1237,1802,205
1802,1582,205
1582,1117,205
1117,596,205
596,1797,205
1797,0,205
0,2351,205
2351,1243,205
1243,334,205
2356,1796,206
1796,1043,206
1043,537,206
537,1120,206
1120,1581,206
1581,1798,206
1798,395,206
395,291,206
291,96,206
96,75,206
75,407,206
407,956,206
956,1693,206
1693,2230,206
2230,1750,206
1750,993,206
993,390,206
390,1270,206
1270,1810,206
1810,888,206
888,1474,206
1474,1173,206
1173,2445,206
2445,2443,206
2443,2444,206
2444,2441,206
2441,1174,206
1174,1476,206
1476,889,206
889,1811,206
1811,1271,206
1271,640,206
640,391,206
391,994,206
994,1751,206
1751,2231,206
2231,1694,206
1694,958,206
958,408,206
408,76,206
76,97,206
97,420,206
420,397,206
397,1799,206
1799,1582,206
1582,1117,206
1117,596,206
596,1797,206
1797,0,206
0,2356,206
34,2351,207
2351,1024,207
1024,1814,207
1814,921,207
921,723,207
723,1105,207
1105,418,207
418,293,207
293,1071,207
1071,668,207
668,2126,207
2126,51,207
51,2144,207
2144,2142,207
2142,47,207
47,369,207
369,392,207
392,994,207
994,53,207
53,1300,207
1300,1953,207
1953,1329,207
1329,1544,207
1544,1443,207
1443,1244,207
1244,655,207
655,1690,207
1690,1752,207
1752,1596,207
1596,2215,207
2215,1689,207
1689,803,207
803,1310,207
1310,654,207
654,1444,207
1444,1545,207
1545,1328,207
1328,1952,207
1952,1301,207
1301,54,207
54,993,207
993,393,207
393,370,207
370,48,207
48,2143,207
2143,2145,207
2145,52,207
52,1936,207
1936,2127,207
2127,1495,207
1495,294,207
294,417,207
417,1106,207
1106,1148,207
1148,483,207
483,1817,207
1817,2355,207
2355,32,207
32,34,207
1480,914,208
914,186,208
186,1701,208
1701,404,208
404,288,208
288,2196,208
2196,258,208
258,975,208
975,800,208
800,553,208
553,291,208
291,96,208
96,75,208
75,407,208
407,956,208
956,1693,208
1693,1019,208
1019,2228,208
2228,1213,208
1213,1862,208
1862,1803,208
1803,1422,208
1422,1310,208
1310,654,208
654,1444,208
1444,902,208
902,1108,208
1108,2315,208
2315,622,208
622,2316,208
2316,1636,208
1636,903,208
903,1443,208
1443,1244,208
1244,655,208
655,1311,208
1311,776,208
776,1423,208
1423,1804,208
1804,1863,208
1863,1214,208
1214,2232,208
2232,2229,208
2229,1020,208
1020,1694,208
1694,958,208
958,408,208
408,76,208
76,97,208
97,420,208
420,292,208
292,1071,208
1071,1563,208
1563,1494,208
1494,1516,208
1516,704,208
704,187,208
187,915,208
915,1478,208
1478,1480,208
1126,868,209
868,913,209
913,910,209
910,1440,209
1440,1579,209
1579,2082,209
2082,250,209
250,255,209
255,322,209
322,735,209
735,607,209
607,2424,209
2424,2278,209
2278,428,209
428,1535,209
1535,734,209
734,669,209
669,1495,209
1495,552,209
552,291,209
291,402,209
402,1801,209
1801,1236,209
1236,1045,209
1045,1724,209
1724,906,209
906,1211,209
1211,1336,209
1336,1722,209
1722,933,209
1175,125,7
125,1462,7
1462,448,7
448,1401,7
1401,319,7
319,1591,7
1591,836,7
836,1574,7
1574,929,7
929,785,7
785,567,7
567,1595,7
1597,568,7
568,786,7
786,932,7
932,1575,7
1575,837,7
837,1592,7
1592,320,7
320,1402,7
1402,449,7
449,1463,7
1463,127,7
127,1175,7
2396,609,112
609,1247,112
1247,485,112
485,289,112
289,301,112
301,1941,112
1941,1730,112
1730,1551,112
1551,1197,112
1197,2432,112
2432,62,112
62,1195,112
1195,965,112
965,964,112
964,966,112
966,1196,112
1196,63,112
63,2433,112
2433,1198,112
1198,1552,112
1552,1731,112
1731,1942,112
1942,302,112
302,290,112
290,486,112
486,1245,112
1245,608,112
608,808,112
808,2397,112
2397,2396,112
40,818,113
818,630,113
630,1623,113
1623,1225,113
1225,986,113
986,303,113
303,1393,113
1393,1146,113
1146,1866,113
1866,2295,113
2295,1688,113
1688,542,113
542,1540,113
1540,816,113
816,977,113
977,2050,113
2050,2187,113
2187,1415,113
1415,2459,113
2459,1302,113
1302,273,113
273,2370,113
2370,1746,113
1746,1217,113
1217,198,113
199,1219,113
1219,1747,113
1747,2371,113
2371,272,113
272,1303,113
1303,1922,113
1922,339,113
339,1147,113
1147,1392,113
1392,304,113
304,511,113
511,631,113
631,819,113
819,40,113
115,2099,10M
2099,1335,10M
1335,413,10M
413,875,10M
875,1883,10M
1883,1240,10M
1240,1034,10M
1034,530,10M
530,1644,10M
1644,1286,10M
1286,2225,10M
2225,791,10M
791,1792,10M
1792,1395,10M
1395,780,10M
780,2175,10M
2175,478,10M
478,661,10M
661,2070,10M
2070,809,10M
809,2205,10M
2205,832,10M
832,1138,10M
1138,1532,10M
1532,2085,10M
2085,1427,10M
1427,2395,10M
2395,2410,10M
2410,2394,10M
2394,1428,10M
1428,2086,10M
2086,1531,10M
1531,1139,10M
1139,833,10M
833,2206,10M
2206,810,10M
810,2069,10M
2069,660,10M
660,477,10M
477,2176,10M
2176,781,10M
781,168,10M
168,1218,10M
1218,1644,10M
1644,1286,10M
1286,1095,10M
1095,529,10M
529,1035,10M
1035,1241,10M
1241,1884,10M
1884,876,10M
876,796,10M
796,153,10M
153,412,10M
412,1777,10M
1777,34,10M
34,115,10M
1127,868,11M
868,913,11M
913,910,11M
910,614,11M
614,1186,11M
1186,735,11M
735,587,11M
587,1131,11M
1131,1823,11M
1823,1025,11M
1025,2355,11M
2355,116,11M
116,2098,11M
2098,1335,11M
1335,413,11M
413,875,11M
875,1883,11M
1883,1240,11M
1240,1034,11M
1034,2349,11M
2349,774,11M
774,806,11M
806,1492,11M
1492,182,11M
182,557,11M
557,419,11M
419,1341,11M
1341,575,11M
575,99,11M
99,2025,11M
2025,1867,11M
1868,2026,11M
2026,1292,11M
1292,574,11M
574,576,11M
576,2002,11M
2002,181,11M
181,1491,11M
1491,807,11M
807,775,11M
775,2350,11M
2350,1094,11M
1094,1033,11M
1033,876,11M
876,796,11M
796,153,11M
153,412,11M
412,1777,11M
1777,33,11M
33,2351,11M
2351,1024,11M
1024,1822,11M
1822,1132,11M
1132,586,11M
586,736,11M
736,1185,11M
1185,1193,11M
1193,1191,11M
1191,1145,11M
1145,2242,11M
2242,1183,11M
1183,1127,11M
32,1796,12M
1796,1043,12M
1043,537,12M
537,1120,12M
1120,1580,12M
1580,1800,12M
1800,1236,12M
1236,1047,12M
1047,508,12M
508,1203,12M
1203,207,12M
207,473,12M
473,15,12M
15,811,12M
811,1296,12M
1296,1293,12M
1293,2309,12M
2309,1433,12M
1433,1805,12M
1805,1341,12M
1341,576,12M
576,2002,12M
2002,181,12M
181,1983,12M
1983,1115,12M
1115,113,12M
113,1362,12M
1362,1073,12M
1073,2304,12M
2304,1176,12M
1176,2223,12M
2223,690,12M
690,1294,12M
1294,2173,12M
2174,1295,12M
1295,691,12M
691,2224,12M
2224,381,12M
381,2300,12M
2300,138,12M
138,2416,12M
2416,1177,12M
1177,2305,12M
2305,1074,12M
1074,1363,12M
1363,114,12M
114,1116,12M
1116,1984,12M
1984,183,12M
183,557,12M
557,419,12M
419,1343,12M
1343,1806,12M
1806,1434,12M
1434,487,12M
487,1297,12M
1297,108,12M
108,16,12M
16,474,12M
474,206,12M
206,1204,12M
1204,507,12M
507,1546,12M
1546,1237,12M
1237,1802,12M
1802,1582,12M
1582,1117,12M
1117,594,12M
594,1797,12M
1797,32,12M
32,1796,13M
1796,1043,13M
1043,537,13M
537,1120,13M
1120,1581,13M
1581,1798,13M
1798,395,13M
395,293,13M
293,1071,13M
1071,668,13M
668,2126,13M
2126,1935,13M
1935,963,13M
963,633,13M
633,359,13M
359,678,13M
678,171,13M
171,1810,13M
1810,888,13M
888,1474,13M
1474,589,13M
589,267,13M
267,1136,13M
1136,1881,13M
1881,1782,13M
1782,869,13M
869,789,13M
789,656,13M
656,93,13M
93,65,13M
65,1527,13M
1527,1066,13M
1066,1330,13M
1330,2185,13M
2185,1381,13M
1381,1383,13M
1383,1666,13M
1666,1065,13M
1065,1760,13M
1760,1378,13M
1378,657,13M
657,790,13M
790,870,13M
870,1783,13M
1783,1882,13M
1882,1137,13M
1137,268,13M
268,1914,13M
1914,889,13M
889,1811,13M
1811,172,13M
172,679,13M
679,360,13M
360,632,13M
632,1936,13M
1936,2127,13M
2127,1495,13M
1495,420,13M
420,397,13M
397,1799,13M
1799,1582,13M
1582,1117,13M
1117,594,13M
594,1797,13M
1797,32,13M
538,537,24
537,1118,24
1118,1584,24
1584,847,24
847,1164,24
1164,1401,24
1401,319,24
319,1591,24
1591,836,24
836,1574,24
1574,929,24
929,785,24
785,567,24
567,1595,24
1597,568,24
568,786,24
786,932,24
932,1575,24
1575,837,24
837,1592,24
1592,320,24
320,1402,24
1402,1163,24
1163,846,24
846,1585,24
1585,2480,24
2480,538,24
115,2098,1M
2098,1499,1M
1499,1933,1M
1933,1489,1M
1489,125,1M
125,1460,1M
1460,1399,1M
1399,2156,1M
2156,794,1M
794,1236,1M
1236,1045,1M
1045,1724,1M
1724,906,1M
906,1211,1M
1211,1336,1M
1336,1722,1M
1722,933,1M
933,1677,1M
1677,1844,1M
1844,2364,1M
2364,1618,1M
1618,2383,1M
2383,1422,1M
1422,1727,1M
1727,1681,1M
1681,652,1M
652,1441,1M
1441,1108,1M
1108,2315,1M
2315,624,1M
624,1616,1M
1616,1614,1M
1614,2094,1M
2094,263,1M
263,1527,1M
1527,2095,1M
2095,1615,1M
1615,885,1M
885,625,1M
625,2316,1M
2316,1107,1M
1107,1442,1M
1442,653,1M
653,1682,1M
1682,1690,1M
1690,2215,1M
2215,1689,1M
1689,1423,1M
1423,2384,1M
2384,1619,1M
1619,2365,1M
2365,1843,1M
1843,1678,1M
1678,934,1M
934,1723,1M
1723,1337,1M
1337,1212,1M
1212,907,1M
907,1725,1M
1725,1046,1M
1046,1237,1M
1237,795,1M
795,2157,1M
2157,1400,1M
1400,1461,1M
1461,126,1M
126,1490,1M
1490,1934,1M
1934,1417,1M
1417,1498,1M
1498,2100,1M
2100,2123,1M
2123,34,1M
34,115,1M
334,1396,206
1396,1777,206
1777,1796,206
1796,1043,206
1043,537,206
537,1120,206
1120,1580,206
1580,1801,206
1801,1236,206
1236,1045,206
1045,1724,206
1724,906,206
906,1211,206
1211,1336,206
1336,1722,206
1722,933,206
933,1677,206
1677,1844,206
1844,2364,206
2364,1618,206
1618,2383,206
2383,1422,206
1422,1310,206
1310,654,206
654,1444,206
1444,902,206
902,1108,206
1108,2315,206
2315,622,206
622,2316,206
2316,1636,206
1636,903,206
903,1443,206
1443,1244,206
1244,655,206
655,1311,206
1311,776,206
776,1423,206
1423,2384,206
2384,1619,206
1619,2365,206
2365,1843,206
1843,1678,206
1678,934,206
934,1723,206
1723,1337,206
1337,1212,206
1212,907,206
907,1725,206
1725,1046,206
1046,1237,206
1237,1802,206
1802,1582,206
1582,1117,206
1117,596,206
596,1797,206
1797,0,206
0,2351,206
2351,1243,206
1243,334,206
2356,1796,207
1796,1043,207
1043,537,207
537,1120,207
1120,1581,207
1581,1798,207
1798,395,207
395,291,207
291,96,207
96,75,207
75,407,207
407,956,207
956,1693,207
1693,2230,207
2230,1750,207
1750,993,207
993,390,207
390,1270,207
1270,1810,207
1810,888,207
888,1474,207
1474,1173,207
1173,2445,207
2445,2443,207
2443,2444,207
2444,2441,207
2441,1174,207
1174,1476,207
1476,889,207
889,1811,207
1811,1271,207
1271,640,207
640,391,207
391,994,207
994,1751,207
1751,2231,207
2231,1694,207
1694,958,207
958,408,207
408,76,207
76,97,207
97,420,207
420,397,207
397,1799,207
1799,1582,207
1582,1117,207
1117,596,207
596,1797,207
1797,0,207
0,2356,207
34,2351,208
2351,1024,208
1024,1814,208
1814,921,208
921,723,208
723,1105,208
1105,418,208
418,293,208
293,1071,208
1071,668,208
668,2126,208
2126,51,208
51,2144,208
2144,2142,208
2142,47,208
47,369,208
369,392,208
392,994,208
994,53,208
53,1300,208
1300,1953,208
1953,1329,208
1329,1544,208
1544,1443,208
1443,1244,208
1244,655,208
655,1690,208
1690,1752,208
1752,1596,208
1596,2215,208
2215,1689,208
1689,803,208
803,1310,208
1310,654,208
654,1444,208
1444,1545,208
1545,1328,208
1328,1952,208
1952,1301,208
1301,54,208
54,993,208
993,393,208
393,370,208
370,48,208
48,2143,208
2143,2145,208
2145,52,208
52,1936,208
1936,2127,208
2127,1495,208
1495,294,208
294,417,208
417,1106,208
1106,1148,208
1148,483,208
483,1817,208
1817,2355,208
2355,32,208
32,34,208
1480,914,209
914,186,209
186,1701,209
1701,404,209
404,288,209
288,2196,209
2196,258,209
258,975,209
975,800,209
800,553,209
553,291,209
291,96,209
96,75,209
75,407,209
407,956,209
956,1693,209
1693,1019,209
1019,2228,209
2228,1213,209
1213,1862,209
1862,1803,209
1803,1422,209
1422,1310,209
1310,654,209
654,1444,209
1444,902,209
902,1108,209
1108,2315,209
2315,622,209
622,2316,209
2316,1636,209
1636,903,209
903,1443,209
1443,1244,209
1244,655,209
655,1311,209
1311,776,209
776,1423,209
1423,1804,209
1804,1863,209
1863,1214,209
1214,2232,209
2232,2229,209
2229,1020,209
1020,1694,209
1694,958,209
958,408,209
408,76,209
76,97,209
97,420,209
420,292,209
292,1071,209
1071,1563,209
1563,1494,209
1494,1516,209
1516,704,209
704,187,209
187,915,209
915,1478,209
1478,1480,209
1126,868,210
868,913,210
913,910,210
910,1440,210
1440,1579,210
1579,2082,210
2082,250,210
250,255,210
255,322,210
322,735,210
735,607,210
607,2424,210
2424,2278,210
2278,428,210
428,1535,210
1535,734,210
734,669,210
669,1495,210
1495,552,210
552,291,210
291,402,210
402,1801,210
1801,1236,210
1236,1045,210
1045,1724,210
1724,906,210
906,1211,210
1211,1336,210
1336,1722,210
1722,933,210
1175,125,8
125,1462,8
1462,448,8
448,1401,8
1401,319,8
319,1591,8
1591,836,8
836,1574,8
1574,929,8
929,785,8
785,567,8
567,1595,8
1597,568,8
568,786,8
786,932,8
932,1575,8
1575,837,8
837,1592,8
1592,320,8
320,1402,8
1402,449,8
449,1463,8
1463,127,8
127,1175,8
2396,609,113
609,1247,113
1247,485,113
485,289,113
289,301,113
301,1941,113
1941,1730,113
1730,1551,113
1551,1197,113
1197,2432,113
2432,62,113
62,1195,113
1195,965,113
965,964,113
964,966,113
966,1196,113
1196,63,113
63,2433,113
2433,1198,113
1198,1552,113
1552,1731,113
1731,1942,113
1942,302,113
302,290,113
290,486,113
486,1245,113
1245,608,113
608,808,113
808,2397,113
2397,2396,113
40,818,114
818,630,114
630,1623,114
1623,1225,114
1225,986,114
986,303,114
303,1393,114
1393,1146,114
1146,1866,114
1866,2295,114
2295,1688,114
1688,542,114
542,1540,114
1540,816,114
816,977,114
977,2050,114
2050,2187,114
2187,1415,114
1415,2459,114
2459,1302,114
1302,273,114
273,2370,114
2370,1746,114
1746,1217,114
1217,198,114
199,1219,114
1219,1747,114
1747,2371,114
2371,272,114
272,1303,114
1303,1922,114
1922,339,114
339,1147,114
1147,1392,114
1392,304,114
304,511,114
511,631,114
631,819,114
819,40,114
115,2099,10M
2099,1335,10M
1335,413,10M
413,875,10M
875,1883,10M
1883,1240,10M
1240,1034,10M
1034,530,10M
530,1644,10M
1644,1286,10M
1286,2225,10M
2225,791,10M
791,1792,10M
1792,1395,10M
1395,780,10M
780,2175,10M
2175,478,10M
478,661,10M
661,2070,10M
2070,809,10M
809,2205,10M
2205,832,10M
832,1138,10M
1138,1532,10M
1532,2085,10M
2085,1427,10M
1427,2395,10M
2395,2410,10M
2410,2394,10M
2394,1428,10M
1428,2086,10M
2086,1531,10M
1531,1139,10M
1139,833,10M
833,2206,10M
2206,810,10M
810,2069,10M
2069,660,10M
660,477,10M
477,2176,10M
2176,781,10M
781,168,10M
168,1218,10M
1218,1644,10M
1644,1286,10M
1286,1095,10M
1095,529,10M
529,1035,10M
1035,1241,10M
1241,1884,10M
1884,876,10M
876,796,10M
796,153,10M
153,412,10M
412,1777,10M
1777,34,10M
34,115,10M
1127,868,11M
868,913,11M
913,910,11M
910,614,11M
614,1186,11M
1186,735,11M
735,587,11M
587,1131,11M
1131,1823,11M
1823,1025,11M
1025,2355,11M
2355,116,11M
116,2098,11M
2098,1335,11M
1335,413,11M
413,875,11M
875,1883,11M
1883,1240,11M
1240,1034,11M
1034,2349,11M
2349,774,11M
